A,C,D,E,F,G,H,I,K,L,M,N,P,Q,R,S,T,V,W,Y
2.556453,3.7228122,-0.22419277,0.5587799,-1.4578724,1.8721977,-0.2620827,1.1492136,-4.581569,0.6648606,-1.6019112,0.057359055,-0.6646067,-2.215949,-1.4373963,-0.4576969,0.75351655,3.364062,-1.710474,-2.0170112
5.8513036,-3.6456168,-0.7676374,1.7763292,-1.6923078,-2.5899198,-1.2903491,0.9717264,4.2768126,-0.26847306,1.973795,2.715389,-3.726714,4.021238,3.0348246,0.6625328,-1.556609,0.38028172,-2.0739257,2.0406895
0.18408498,-1.0581543,0.7639295,-0.33609807,0.5245986,-2.448921,4.4093866,-2.0757682,-0.3635557,-0.53361875,-0.36241564,3.0083973,-2.9903767,3.252265,1.8122333,0.64727485,0.7399797,0.64112157,1.4537413,3.949481
-2.233627,0.05679598,1.6250584,2.3364806,5.4292192,-0.36826026,0.008074556,5.3405895,-1.8369368,1.7142987,3.0252419,-0.33347955,3.227825,0.8625243,0.26003048,-2.3327057,-3.83484,-0.43429673,6.370793,4.714186
-0.77729505,5.25217,0.64515316,0.054052584,1.8075367,-2.7662458,1.9337652,-0.9966429,-2.1890934,-2.195797,2.1797879,-1.6741558,-5.9804764,4.4484367,-0.43830004,-0.7244933,-1.1719775,1.7077655,-0.8584314,-0.9090937
-2.2022762,-3.2591507,3.9281466,-0.7476509,-0.23001245,5.1293764,-0.6173116,-2.5110333,1.7781935,-0.450994,-5.798655,4.0829444,-0.8427747,-0.21880668,0.85354143,3.287246,0.5169631,0.0692778,-3.581035,2.4602191
1.5820651,-5.351757,-0.7180731,4.0916467,-3.8513818,0.9204749,-6.345668,-0.9674198,1.8936303,0.71309924,-3.3760977,-1.1611223,-3.587657,0.5997242,-0.1053251,-1.1774747,-1.2065661,-0.7669419,-6.8478727,-6.8083386
-2.2967286,-4.1971636,0.16611838,1.3372483,1.7256391,-3.8527517,0.57886696,-0.43299088,0.54728526,2.0425298,-1.0800945,-2.015678,-0.29900655,3.8461282,2.2294106,-2.6930382,1.4935336,-0.4244935,3.0665,-1.2317525
-0.7256636,-2.696408,-1.8058631,-1.9354969,-1.4623349,-2.522609,-4.3342934,-2.2667408,-2.9117932,-3.156421,-2.639629,-2.2452216,6.518649,-0.13106433,-0.80962783,1.9599705,2.6774037,1.2496719,-0.9862164,1.0683998
2.3293793,4.684654,5.4148726,2.7461953,-1.7619491,1.9909052,0.42073208,-1.7749906,4.6698785,-0.4252599,-0.41906458,4.818437,-1.6415359,3.1340249,1.3028741,3.4089518,1.3821692,-1.873754,2.227194,0.8965301
-0.65736854,-2.7654462,2.0105164,-1.7370358,0.16822328,-1.4542056,-0.32080784,-0.87367433,-4.1784196,-2.2345111,1.4247739,-3.2169046,3.6208754,-0.34260353,-4.0010657,-1.2072752,0.89709955,-1.767497,2.0526187,-6.035098
-0.5749333,-0.98674905,5.153612,5.697517,-2.0904467,-2.3266163,2.4595559,-3.4612415,5.3322906,-3.2155433,1.9381824,2.714567,1.88599,4.145595,8.173946,-0.1629228,1.2597209,-2.4212127,2.7836363,1.2649767
3.5564635,0.8637537,-2.4975686,-1.82776,1.7670801,3.3314252,-1.0057437,3.1380966,-2.2064722,0.14115854,4.4034004,-4.5567584,-1.6530274,2.1710486,0.9687964,-1.3198855,-1.3538249,3.7736578,-1.1644763,-0.24932271
-0.007019788,3.2503839,-0.36430442,-0.8533464,3.0029664,-0.27675194,1.5593466,3.177053,3.532268,0.68463063,-0.295732,2.7589495,0.26228642,3.796896,6.6029825,2.9536545,3.961295,2.2885828,7.192835,4.7903275
-2.8735545,-1.387666,-0.37290886,-3.0443375,2.9219134,-0.7205899,-1.3531518,4.8655663,-1.9557037,2.449256,-0.35360292,-2.1316645,0.1643515,-3.3985457,-4.4347816,-0.1802445,-0.88378394,3.0912168,5.951406,4.8122888
-0.25239268,-0.23043995,0.8422228,-0.8555086,-0.42322215,2.2710938,-2.022089,-1.3036516,1.0333394,2.2882977,-1.8689027,3.9733887,1.7790442,-0.036452837,0.37787986,2.1001334,0.15590003,-0.560496,2.3892415,0.52527946
-2.025103,-2.3662226,-1.2829742,0.14220351,2.7146707,-1.7942095,0.8982058,2.3939066,-1.8069556,-0.34246066,1.6188797,-2.5457737,-3.6027205,-1.0040942,-1.1825272,-5.387491,-0.57767403,2.5409634,1.7877303,4.517515
-0.9293519,-0.5439868,2.7154076,-3.051471,0.44900703,-1.761371,-5.0381866,2.103581,-3.0026655,0.09326323,-3.8639758,-1.4248339,-0.9491173,-1.5002681,-2.2715833,-0.55795425,-0.69399303,3.078845,-2.2866552,2.6948953
-2.135391,-2.3861337,1.7192678,2.0903716,-1.2146229,-0.33959684,3.804203,-3.2990694,2.1977518,-5.099227,-3.8846164,0.95887065,4.994514,1.7614598,1.181869,-1.7508341,-2.521342,-4.2156944,-1.5838761,2.487926
-1.1530415,1.3279247,-0.05608017,0.06640738,0.97205675,-2.5936787,-2.9839506,-4.359575,-3.6683822,-1.4415399,-2.5603187,1.3404722,3.1627853,0.9502567,-2.9468315,-0.38117364,-1.9612586,-2.0255444,-4.2295027,-1.899682
1.2879546,-2.742646,2.3146214,3.1863565,-2.6410196,1.5407733,3.908563,0.51976854,5.405066,0.44486025,-0.70864904,3.6886475,3.1881087,3.5886924,3.6394985,0.786639,1.7205474,1.7071742,-2.5411646,-0.8122875
-2.2588332,1.1529297,4.598622,0.95679754,-2.8212578,-0.87510955,1.094021,1.2426562,0.7066725,-1.02819,-1.2702813,4.429429,0.09277014,1.390419,3.4041195,5.3942323,3.476854,0.39978725,-1.415005,0.84790784
-4.90704,-0.032018736,0.21600991,1.3606277,-0.6030221,-2.8801146,0.16202861,2.0804846,-2.1659498,-2.0144813,-0.50089926,2.0810719,3.623986,2.055965,2.1404161,-0.9501662,1.7903721,-0.6831443,-1.2903538,0.17848697
-3.4654775,-3.738818,-1.359718,-2.8507378,-0.92691344,-2.4257836,-3.9301825,-3.1757066,-1.5864216,-2.9103205,-4.7302775,-2.601304,-2.1400158,-3.0117757,3.751323,-3.6847212,-1.7400941,-3.9233804,1.1222,0.4631949
5.0165777,-1.2712189,4.6477532,0.026965465,-0.26777083,7.4090447,-0.82335633,-1.3765192,-0.45140788,-0.6518183,-2.0173576,2.4562752,5.813041,1.0076778,2.712804,4.7762656,2.370591,0.45556816,-2.2766829,1.6611814
-0.50017947,1.6737647,-0.033596393,-0.5788713,4.086673,-1.5878315,2.9112642,-2.3239396,-1.9668607,1.6796514,2.8024707,-0.6461891,0.63688713,-2.4118183,7.3354416,-1.4698895,-2.290124,-1.4571793,1.3328681,3.1214428
-1.0145661,0.36843213,-1.8026963,-1.8936882,-1.931649,-0.40967718,-4.141138,0.40222707,-0.4269137,-2.3148463,-4.1912174,-2.6088269,1.3444165,-0.6087881,-0.07758489,0.06833797,1.7028409,2.581581,-5.3970337,-0.011030585
-0.542837,1.7124213,-3.2662115,0.5331814,1.2941706,-4.1851983,-0.07935577,1.0972742,1.8123724,3.5546017,3.4510806,-2.0107162,-0.25333822,2.0565832,0.2471516,-4.501526,-0.1789538,3.1121533,4.1935735,1.3802752
1.812893,0.9458538,6.655517,7.262972,1.7446119,-2.2254179,2.3459148,0.93831,-2.3972533,-2.3237736,-0.48866084,1.3749214,-0.30114144,2.3766503,-0.10131969,-1.2853422,-0.2548775,0.9173943,0.012760825,-0.2296164
2.9316585,0.0945499,-2.7845876,1.3071958,3.469017,-3.9116275,-1.2610793,3.443429,1.1297075,7.088206,3.110539,-3.2690165,-0.22647725,0.8080569,3.5284953,-0.24340153,-1.8644476,0.88809586,-0.22096482,1.2600367
3.0424423,-0.20098212,1.1748468,5.103754,-2.8756413,-2.910687,-1.2354304,-0.9573792,3.9147058,0.8538477,1.5749238,-4.5873733,1.8845125,0.27016032,1.282732,1.4966736,-1.5671964,1.6348913,-1.3162488,-0.0649666
-6.2486362,2.1413043,-2.4625127,-8.489034,-3.497212,-0.75414217,0.24201624,-2.4422314,-1.7087331,-6.897712,-1.2820643,2.2746115,-0.0058421195,-1.0618688,-2.2927349,-3.396486,-3.8730893,-1.725862,1.4763889,1.3340335
